url_path,views_total,views_unique
/sunnchioo/FlyHE,9,3
/sunnchioo/FlyHE/blob/main/LWE/cuTFHEpp/src/cutfhe++.cu,2,1
/sunnchioo/FlyHE/tree/main/conversion/src,2,1
/sunnchioo/FlyHE/tree/main/examples,2,1
/sunnchioo/FlyHE/blob/main/LWE/cuTFHEpp/src/trlwe.txt,1,1
/sunnchioo/FlyHE/blob/main/conversion/src/extract.cu,1,1
/sunnchioo/FlyHE/blob/main/conversion/src/repack.cu,1,1
/sunnchioo/FlyHE/blob/main/conversion/src/utils.cu,1,1
/sunnchioo/FlyHE/tree/main/LWE/cuTFHEpp,1,1
/sunnchioo/FlyHE/tree/main/LWE/cuTFHEpp/test,1,1
